,adult,AUC_std,Amazon_employee_access,AUC_std,bank-marketing,AUC_std,Click_prediction_small,AUC_std,credit-g,AUC_std
tpot,0.9126000000000001,0.0026191601707417364,0.7895399999999999,0.03391125182000807,0.8491799999999999,0.0070318560849891975,0.71136,0.004525814843760193,0.78164,0.01892823288106951
h2o,0.91428,0.0020498780451529567,0.8550999999999999,0.002957194616524249,0.9370999999999998,0.0036762752889303355,0.7205600000000001,0.004140410607657151,0.77646,0.0479013882888586
lightgbm-default,0.9144400000000001,0.0036861904454327955,0.8462599999999998,0.01132488410536725,0.9364600000000001,0.0034478979103216194,0.7159800000000001,0.005707626476916649,0.77954,0.027358508731288728
Auto_ml,0.9146599999999999,0.0032761257607118737,0.8286,0.014350087107749541,0.9035400000000001,0.005755258465090856,0.7188399999999999,0.006635736583077998,0.79252,0.022704338792398263
lightgbm-opt,0.9148200000000001,0.0035898467933882577,0.8577,0.008034301463101832,0.93848,0.0030449958949069445,0.71728,0.004389988610463582,0.7852399999999999,0.03105242341589462
catboost-default,0.9149800000000001,0.0029516097302997105,0.84666,0.009016263084005487,0.9379200000000001,0.004033856715353176,0.71912,0.00583626592951348,0.7837399999999999,0.02215587958082461
